{"cameraMode":{"drawMode":0,"name":"Shaded","section":"Shading Mode"},"sceneLighting":false,"audioPlay":false,"sceneViewState":{"showFog":true,"showMaterialUpdate":false,"showSkybox":false,"showFlares":true,"showImageEffects":true,"showParticleSystems":true},"in2DMode":false,"pivot":{"x":2.3499996662139894,"y":1.14310622215271,"z":0.09999990463256836},"rotation":{"x":0.2405465990304947,"y":0.15126749873161317,"z":-0.03798302263021469,"w":0.9580273032188416},"size":30.447471618652345,"orthographic":true}