{"cameraMode":{"drawMode":0,"name":"Shaded","section":"Shading Mode"},"sceneLighting":false,"audioPlay":false,"sceneViewState":{"showFog":true,"showMaterialUpdate":false,"showSkybox":false,"showFlares":true,"showImageEffects":true,"showParticleSystems":true},"in2DMode":false,"pivot":{"x":545.44970703125,"y":282.61260986328127,"z":-1.1932811737060547},"rotation":{"x":0.1998722106218338,"y":-0.40920963883399966,"z":0.09236389398574829,"w":0.8854786157608032},"size":2057.945556640625,"orthographic":true}